county,month,monthly_new_positives,monthly_new_tests_performed,monthly_infection_rate,monthly_fatality_rate
Albany,3/1/2020,240,3704,0.064794816,0.004166667
Albany,4/1/2020,964,6984,0.138029782,0.025747508
Albany,5/1/2020,678,14613,0.046397044,0.052603613
Albany,6/1/2020,230,23788,0.009668741,0.051136364
Albany,7/1/2020,403,27414,0.014700518,0.045725646
Albany,8/1/2020,271,32030,0.008460818,0.04379038
Albany,9/1/2020,347,30415,0.011408844,0.039259496
Albany,10/1/2020,617,47692,0.01293718,0.034666667
Albany,11/1/2020,779,33750,0.023081481,0.029807905
Allegany,3/1/2020,9,135,0.066666667,0.111111111
Allegany,4/1/2020,26,428,0.060747664,0.057142857
Allegany,5/1/2020,13,1372,0.009475219,0.041666667
Allegany,6/1/2020,13,4083,0.003183933,0.032786885
Allegany,7/1/2020,13,3246,0.004004929,0.027027027
Allegany,8/1/2020,15,4503,0.003331113,0.02247191
Allegany,9/1/2020,30,4536,0.006613757,0.033613445
Allegany,10/1/2020,229,8795,0.026037521,0.040229885
Allegany,11/1/2020,296,5131,0.05768856,0.054347826
Bronx,3/1/2020,8861,18157,0.488021149,0.029567769
Bronx,4/1/2020,28924,74898,0.386178536,0.091570729
Bronx,5/1/2020,7574,99691,0.075974762,0.098503053
Bronx,6/1/2020,2292,137268,0.016697264,0.099871986
Bronx,7/1/2020,1975,139839,0.014123385,0.09779148
Bronx,8/1/2020,2037,171837,0.011854257,0.095019647
Bronx,9/1/2020,1506,170630,0.008826115,0.093136978
Bronx,10/1/2020,2743,208777,0.01313842,0.089336815
Bronx,11/1/2020,2800,116362,0.024062838,0.08548508
Broome,3/1/2020,42,368,0.114130435,0.071428571
Broome,4/1/2020,257,2103,0.122206372,0.050167224
Broome,5/1/2020,275,13809,0.019914548,0.081881533
Broome,6/1/2020,148,21307,0.006946074,0.08033241
Broome,7/1/2020,326,22333,0.014597233,0.06870229
Broome,8/1/2020,263,28916,0.009095311,0.062547674
Broome,9/1/2020,418,29146,0.014341591,0.049161365
Broome,10/1/2020,2009,55004,0.036524616,0.027822365
Broome,11/1/2020,656,23497,0.027918458,0.027765134
Cattaraugus,3/1/2020,7,163,0.042944785,0
Cattaraugus,4/1/2020,42,824,0.050970874,0.040816327
Cattaraugus,5/1/2020,40,3893,0.010274852,0.033707865
Cattaraugus,6/1/2020,34,7820,0.004347826,0.048780488
Cattaraugus,7/1/2020,35,7034,0.004975832,0.037974684
Cattaraugus,8/1/2020,48,8056,0.005958292,0.029126214
Cattaraugus,9/1/2020,73,7938,0.009196271,0.028673835
Cattaraugus,10/1/2020,270,11896,0.022696705,0.034608379
Cattaraugus,11/1/2020,129,5834,0.022111759,0.030973451
Cayuga,3/1/2020,3,246,0.012195122,0
Cayuga,4/1/2020,48,739,0.064952639,0.039215686
Cayuga,5/1/2020,41,3859,0.010624514,0.02173913
Cayuga,6/1/2020,27,7433,0.00363245,0.016806723
Cayuga,7/1/2020,25,7746,0.003227472,0.013888889
Cayuga,8/1/2020,36,8098,0.004445542,0.011111111
Cayuga,9/1/2020,41,10026,0.004089368,0.009049774
Cayuga,10/1/2020,232,15425,0.015040519,0.006622517
Cayuga,11/1/2020,179,7492,0.023892152,0.007911392
Chautauqua,3/1/2020,6,116,0.051724138,0.166666667
Chautauqua,4/1/2020,29,1091,0.026581118,0.028571429
Chautauqua,5/1/2020,50,4394,0.011379153,0.023529412
Chautauqua,6/1/2020,42,13226,0.003175563,0.023622047
Chautauqua,7/1/2020,104,12322,0.008440188,0.017316017
Chautauqua,8/1/2020,174,13816,0.012594094,0.009876543
Chautauqua,9/1/2020,197,14354,0.013724397,0.006644518
Chautauqua,10/1/2020,415,20067,0.02068072,0.003933137
Chautauqua,11/1/2020,222,15343,0.014469139,0.004035513
Chemung,3/1/2020,22,335,0.065671642,0
Chemung,4/1/2020,101,1282,0.078783151,0.016260163
Chemung,5/1/2020,14,4976,0.002813505,0.01459854
Chemung,6/1/2020,7,8211,0.000852515,0.013888889
Chemung,7/1/2020,19,9276,0.002048297,0.012269939
Chemung,8/1/2020,42,9364,0.004485263,0.009756098
Chemung,9/1/2020,355,12556,0.028273335,0.008928571
Chemung,10/1/2020,1292,22841,0.056564949,0.009179266
Chemung,11/1/2020,510,11280,0.045212766,0.011007621
Chenango,3/1/2020,26,95,0.273684211,0
Chenango,4/1/2020,73,715,0.102097902,0
Chenango,5/1/2020,34,3657,0.009297238,0.037593985
Chenango,6/1/2020,13,6559,0.001982009,0.04109589
Chenango,7/1/2020,63,5643,0.011164274,0.028708134
Chenango,8/1/2020,20,6520,0.003067485,0.026200873
Chenango,9/1/2020,24,6019,0.003987373,0.023715415
Chenango,10/1/2020,172,8223,0.02091694,0.016470588
Chenango,11/1/2020,76,3714,0.020463113,0.013972056
Clinton,3/1/2020,25,211,0.118483412,0
Clinton,4/1/2020,36,585,0.061538462,0.06557377
Clinton,5/1/2020,35,3371,0.010382676,0.041666667
Clinton,6/1/2020,5,7476,0.000668807,0.03960396
Clinton,7/1/2020,26,7528,0.003453773,0.031496063
Clinton,8/1/2020,24,7374,0.003254679,0.033112583
Clinton,9/1/2020,11,8927,0.001232217,0.030864198
Clinton,10/1/2020,108,13069,0.00826383,0.018518519
Clinton,11/1/2020,107,7471,0.014322045,0.013262599
Columbia,3/1/2020,31,375,0.082666667,0.032258065
Columbia,4/1/2020,171,1003,0.170488534,0.079207921
Columbia,5/1/2020,187,3051,0.06129138,0.100257069
Columbia,6/1/2020,77,6716,0.011465158,0.100858369
Columbia,7/1/2020,53,6799,0.007795264,0.090558767
Columbia,8/1/2020,50,7441,0.006719527,0.082601054
Columbia,9/1/2020,26,6705,0.003877703,0.078991597
Columbia,10/1/2020,141,10079,0.013989483,0.069293478
Columbia,11/1/2020,145,5630,0.025754885,0.061293984
Cortland,3/1/2020,8,350,0.022857143,0
Cortland,4/1/2020,20,793,0.025220681,0.035714286
Cortland,5/1/2020,13,2908,0.004470426,0.024390244
Cortland,6/1/2020,6,4942,0.001214083,0.021276596
Cortland,7/1/2020,44,5727,0.007682906,0.010989011
Cortland,8/1/2020,10,5510,0.001814882,0.00990099
Cortland,9/1/2020,94,7807,0.012040476,0.005128205
Cortland,10/1/2020,394,19707,0.019992896,0.001697793
Cortland,11/1/2020,161,6455,0.024941905,0.001333333
Delaware,3/1/2020,20,127,0.157480315,0
Delaware,4/1/2020,41,626,0.065495208,0.032786885
Delaware,5/1/2020,20,2342,0.00853971,0.024691358
Delaware,6/1/2020,10,4660,0.002145923,0.043956044
Delaware,7/1/2020,12,3765,0.003187251,0.038834951
Delaware,8/1/2020,12,4605,0.002605863,0.034782609
Delaware,9/1/2020,22,5286,0.004161937,0.03649635
Delaware,10/1/2020,55,7563,0.007272246,0.03125
Delaware,11/1/2020,85,4355,0.019517796,0.02166065
Dutchess,3/1/2020,547,2562,0.213505074,0.005484461
Dutchess,4/1/2020,2455,12523,0.196039288,0.022984677
Dutchess,5/1/2020,922,17804,0.051786115,0.035423038
Dutchess,6/1/2020,289,27763,0.010409538,0.035841443
Dutchess,7/1/2020,291,32537,0.008943664,0.033969805
Dutchess,8/1/2020,364,42510,0.008562691,0.031429745
Dutchess,9/1/2020,280,36705,0.007628389,0.03030303
Dutchess,10/1/2020,417,52189,0.00799019,0.029649596
Dutchess,11/1/2020,620,27515,0.022533164,0.027970897
Erie,3/1/2020,464,2207,0.210240145,0.021551724
Erie,4/1/2020,3017,14802,0.203823808,0.061476587
Erie,5/1/2020,2642,47504,0.055616369,0.081169361
Erie,6/1/2020,1214,78201,0.015524098,0.077824724
Erie,7/1/2020,1211,84624,0.014310361,0.069489939
Erie,8/1/2020,1399,100096,0.013976582,0.060922891
Erie,9/1/2020,1627,101943,0.015959899,0.054000346
Erie,10/1/2020,1957,134470,0.014553432,0.048333457
Erie,11/1/2020,4215,84830,0.049687611,0.038825651
Essex,3/1/2020,6,87,0.068965517,0
Essex,4/1/2020,22,303,0.072607261,0
Essex,5/1/2020,9,2628,0.003424658,0
Essex,6/1/2020,5,3270,0.001529052,0
Essex,7/1/2020,13,3159,0.004115226,0
Essex,8/1/2020,76,4097,0.018550159,0.045801527
Essex,9/1/2020,38,4210,0.009026128,0.082840237
Essex,10/1/2020,34,5594,0.006077941,0.068965517
Essex,11/1/2020,27,2827,0.009550761,0.060869565
Franklin,3/1/2020,9,115,0.07826087,0
Franklin,4/1/2020,6,275,0.021818182,0
Franklin,5/1/2020,8,3067,0.002608412,0
Franklin,6/1/2020,8,4291,0.001864367,0
Franklin,7/1/2020,19,4545,0.004180418,0.02
Franklin,8/1/2020,8,5257,0.00152178,0.017241379
Franklin,9/1/2020,8,4860,0.001646091,0.015151515
Franklin,10/1/2020,21,7689,0.002731174,0.011494253
Franklin,11/1/2020,101,4035,0.025030979,0.015957447
Fulton,3/1/2020,2,129,0.015503876,0
Fulton,4/1/2020,73,699,0.104434907,0.04
Fulton,5/1/2020,135,2710,0.049815498,0.09047619
Fulton,6/1/2020,47,5252,0.008948972,0.101167315
Fulton,7/1/2020,25,4637,0.005391417,0.09929078
Fulton,8/1/2020,29,5392,0.005378338,0.090032154
Fulton,9/1/2020,28,4502,0.006219458,0.08259587
Fulton,10/1/2020,28,7172,0.003904071,0.076294278
Fulton,11/1/2020,26,3391,0.007667355,0.071246819
Genesee,3/1/2020,13,182,0.071428571,0.076923077
Genesee,4/1/2020,141,853,0.165298945,0.019480519
Genesee,5/1/2020,48,2910,0.016494845,0.024752475
Genesee,6/1/2020,36,5631,0.006393181,0.021008403
Genesee,7/1/2020,34,6084,0.005588429,0.022058824
Genesee,8/1/2020,25,7350,0.003401361,0.02020202
Genesee,9/1/2020,38,7120,0.005337079,0.017910448
Genesee,10/1/2020,76,9737,0.007805279,0.01459854
Genesee,11/1/2020,192,5101,0.037639678,0.009950249
Greene,3/1/2020,18,230,0.07826087,0
Greene,4/1/2020,121,941,0.12858661,0.014388489
Greene,5/1/2020,100,1804,0.055432373,0.054393305
Greene,6/1/2020,21,3492,0.006013746,0.05
Greene,7/1/2020,29,4035,0.007187113,0.044982699
Greene,8/1/2020,20,4388,0.004557885,0.042071197
Greene,9/1/2020,19,4175,0.004550898,0.042682927
Greene,10/1/2020,188,7457,0.025211211,0.029069767
Greene,11/1/2020,69,3502,0.019703027,0.027350427
Hamilton,3/1/2020,2,14,0.142857143,0
Hamilton,4/1/2020,1,26,0.038461538,0
Hamilton,5/1/2020,2,409,0.004889976,0.2
Hamilton,6/1/2020,1,377,0.00265252,0.166666667
Hamilton,7/1/2020,1,464,0.002155172,0.142857143
Hamilton,8/1/2020,7,472,0.014830508,0.071428571
Hamilton,9/1/2020,1,420,0.002380952,0.066666667
Hamilton,10/1/2020,4,558,0.007168459,0.052631579
Hamilton,11/1/2020,7,354,0.019774011,0.038461538
Herkimer,3/1/2020,12,83,0.144578313,0.166666667
Herkimer,4/1/2020,48,737,0.065128901,0.05
Herkimer,5/1/2020,49,3567,0.013737034,0.027522936
Herkimer,6/1/2020,53,8625,0.006144928,0.018518519
Herkimer,7/1/2020,78,7000,0.011142857,0.020833333
Herkimer,8/1/2020,58,8924,0.006499328,0.033557047
Herkimer,9/1/2020,42,8275,0.005075529,0.029411765
Herkimer,10/1/2020,59,10855,0.005435283,0.025062657
Herkimer,11/1/2020,92,5485,0.016773017,0.020366599
Jefferson,3/1/2020,12,365,0.032876712,0
Jefferson,4/1/2020,49,1190,0.041176471,0
Jefferson,5/1/2020,13,4803,0.002706642,0
Jefferson,6/1/2020,14,7335,0.001908657,0
Jefferson,7/1/2020,42,7738,0.005427759,0
Jefferson,8/1/2020,20,7267,0.002752167,0.006666667
Jefferson,9/1/2020,22,7592,0.002897787,0.005813953
Jefferson,10/1/2020,50,9844,0.005079236,0.004504505
Jefferson,11/1/2020,102,4807,0.021219056,0.00308642
Kings,3/1/2020,13115,25819,0.507959255,0.019900877
Kings,4/1/2020,32404,89598,0.361659858,0.114853138
Kings,5/1/2020,10534,165784,0.063540511,0.120100619
Kings,6/1/2020,3689,244362,0.015096455,0.11889458
Kings,7/1/2020,2752,245174,0.011224681,0.115963132
Kings,8/1/2020,2624,281365,0.009325964,0.111950613
Kings,9/1/2020,3944,294289,0.013401792,0.106122035
Kings,10/1/2020,7176,441015,0.016271555,0.097064456
Kings,11/1/2020,5133,256814,0.019987228,0.09155596
Lewis,3/1/2020,2,67,0.029850746,0
Lewis,4/1/2020,7,251,0.027888446,0.444444444
Lewis,5/1/2020,11,1849,0.005949162,0.25
Lewis,6/1/2020,10,2199,0.004547522,0.166666667
Lewis,7/1/2020,4,2052,0.001949318,0.147058824
Lewis,8/1/2020,15,1913,0.007841087,0.102040816
Lewis,9/1/2020,1,1990,0.000502513,0.1
Lewis,10/1/2020,98,3992,0.024549098,0.033783784
Lewis,11/1/2020,89,1724,0.05162413,0.021097046
Livingston,3/1/2020,14,147,0.095238095,0.071428571
Livingston,4/1/2020,59,921,0.064060803,0.01369863
Livingston,5/1/2020,46,2755,0.016696915,0.025210084
Livingston,6/1/2020,11,5034,0.002185141,0.030769231
Livingston,7/1/2020,36,5660,0.006360424,0.024096386
Livingston,8/1/2020,17,6008,0.002829561,0.032786885
Livingston,9/1/2020,25,6720,0.003720238,0.028846154
Livingston,10/1/2020,142,9765,0.014541731,0.017142857
Livingston,11/1/2020,138,7161,0.019271052,0.014344262
Madison,3/1/2020,51,309,0.165048544,0.039215686
Madison,4/1/2020,88,957,0.091954023,0.035971223
Madison,5/1/2020,177,3475,0.050935252,0.025316456
Madison,6/1/2020,41,5831,0.007031384,0.025210084
Madison,7/1/2020,42,6207,0.006766554,0.022556391
Madison,8/1/2020,62,10587,0.005856239,0.019522777
Madison,9/1/2020,37,10000,0.0037,0.018072289
Madison,10/1/2020,95,11367,0.008357526,0.015177066
Madison,11/1/2020,125,6909,0.018092343,0.012534819
Monroe,3/1/2020,349,3599,0.096971381,0.025787966
Monroe,4/1/2020,1129,10995,0.102683038,0.056833559
Monroe,5/1/2020,1486,40854,0.036373427,0.066801619
Monroe,6/1/2020,816,77601,0.010515328,0.064550265
Monroe,7/1/2020,962,88685,0.010847381,0.052720371
Monroe,8/1/2020,720,103292,0.00697053,0.047052362
Monroe,9/1/2020,659,94932,0.006941811,0.042476719
Monroe,10/1/2020,1584,121204,0.013068876,0.033874108
Monroe,11/1/2020,2748,67060,0.040978228,0.025542906
Montgomery,3/1/2020,7,147,0.047619048,0
Montgomery,4/1/2020,47,580,0.081034483,0.074074074
Montgomery,5/1/2020,37,2702,0.01369356,0.043956044
Montgomery,6/1/2020,27,5912,0.004566982,0.033898305
Montgomery,7/1/2020,37,5300,0.006981132,0.025806452
Montgomery,8/1/2020,52,6312,0.008238276,0.038647343
Montgomery,9/1/2020,28,5786,0.004839267,0.038297872
Montgomery,10/1/2020,38,7374,0.005153241,0.032967033
Montgomery,11/1/2020,49,3005,0.016306156,0.034161491
Nassau,3/1/2020,9554,22400,0.426517857,0.006594097
Nassau,4/1/2020,26607,74908,0.355195707,0.047011974
Nassau,5/1/2020,4318,83916,0.051456218,0.052323427
Nassau,6/1/2020,1374,134402,0.010223062,0.052134853
Nassau,7/1/2020,1418,150444,0.009425434,0.050703705
Nassau,8/1/2020,1490,179247,0.008312552,0.049105248
Nassau,9/1/2020,2168,179086,0.012105916,0.046900637
Nassau,10/1/2020,3365,261703,0.012858087,0.044041039
Nassau,11/1/2020,3720,145504,0.025566307,0.041267079
New York,3/1/2020,7373,18597,0.396461795,0.01749627
New York,4/1/2020,14802,50210,0.294801832,0.096144307
New York,5/1/2020,4546,107829,0.042159345,0.108977957
New York,6/1/2020,1797,170092,0.010564871,0.108282488
New York,7/1/2020,2000,213080,0.009386146,0.103086703
New York,8/1/2020,1647,261077,0.006308484,0.098554329
New York,9/1/2020,1461,270090,0.005409308,0.0945102
New York,10/1/2020,3086,392373,0.007864965,0.087110482
New York,11/1/2020,3263,218768,0.014915344,0.080150094
Niagara,3/1/2020,46,278,0.165467626,0
Niagara,4/1/2020,394,2505,0.157285429,0.052272727
Niagara,5/1/2020,606,11440,0.052972028,0.062141491
Niagara,6/1/2020,191,19086,0.010007335,0.068714632
Niagara,7/1/2020,207,20064,0.010316986,0.060941828
Niagara,8/1/2020,182,20523,0.008868099,0.054735547
Niagara,9/1/2020,173,22704,0.007619803,0.049471929
Niagara,10/1/2020,338,32091,0.010532548,0.042115115
Niagara,11/1/2020,571,15655,0.03647397,0.035450517
Oneida,3/1/2020,50,505,0.099009901,0.02
Oneida,4/1/2020,401,3070,0.130618893,0.031042129
Oneida,5/1/2020,585,15976,0.036617426,0.052123552
Oneida,6/1/2020,606,28849,0.021005927,0.056638246
Oneida,7/1/2020,439,27057,0.016225006,0.055261893
Oneida,8/1/2020,200,34037,0.005875959,0.052608505
Oneida,9/1/2020,179,45381,0.003944382,0.05
Oneida,10/1/2020,391,70123,0.005575917,0.045247282
Oneida,11/1/2020,718,36933,0.019440609,0.038105912
Onondaga,3/1/2020,217,3425,0.063357664,0.004608295
Onondaga,4/1/2020,643,7576,0.084873284,0.03255814
Onondaga,5/1/2020,1337,29492,0.045334328,0.053254438
Onondaga,6/1/2020,666,45445,0.014655078,0.057981139
Onondaga,7/1/2020,614,49525,0.012397779,0.049467932
Onondaga,8/1/2020,435,56491,0.007700342,0.045756646
Onondaga,9/1/2020,544,55355,0.009827477,0.040843806
Onondaga,10/1/2020,1306,114645,0.011391687,0.032280458
Onondaga,11/1/2020,1987,58523,0.033952463,0.025035488
Ontario,3/1/2020,24,317,0.075709779,0
Ontario,4/1/2020,67,1385,0.048375451,0.043956044
Ontario,5/1/2020,117,4883,0.02396068,0.091346154
Ontario,6/1/2020,57,9671,0.00589391,0.098113208
Ontario,7/1/2020,84,10984,0.007647487,0.077363897
Ontario,8/1/2020,44,12375,0.003555556,0.071246819
Ontario,9/1/2020,88,13155,0.006689472,0.058212058
Ontario,10/1/2020,229,16973,0.013492017,0.04084507
Ontario,11/1/2020,245,8484,0.028877888,0.031413613
Orange,3/1/2020,1756,5124,0.342701015,0.006833713
Orange,4/1/2020,6995,22885,0.305658728,0.027425437
Orange,5/1/2020,1671,21308,0.07842125,0.035405872
Orange,6/1/2020,308,25353,0.012148464,0.037371855
Orange,7/1/2020,358,26167,0.013681354,0.036706349
Orange,8/1/2020,357,28858,0.01237092,0.035736129
Orange,9/1/2020,754,33674,0.022391162,0.033855234
Orange,10/1/2020,1690,62375,0.027094188,0.030239758
Orange,11/1/2020,1235,35615,0.0346764,0.028101031
Orleans,3/1/2020,6,116,0.051724138,0
Orleans,4/1/2020,86,535,0.160747664,0.086956522
Orleans,5/1/2020,144,1862,0.077336198,0.148305085
Orleans,6/1/2020,45,2934,0.015337423,0.192170819
Orleans,7/1/2020,14,2908,0.004814305,0.186440678
Orleans,8/1/2020,11,3430,0.003206997,0.179738562
Orleans,9/1/2020,30,4738,0.006331786,0.163690476
Orleans,10/1/2020,77,4494,0.017133956,0.133171913
Orleans,11/1/2020,102,2327,0.043833262,0.108737864
Oswego,3/1/2020,17,343,0.049562682,0
Oswego,4/1/2020,47,1285,0.036575875,0.03125
Oswego,5/1/2020,46,4832,0.009519868,0.018181818
Oswego,6/1/2020,91,9493,0.009586011,0.014925373
Oswego,7/1/2020,43,10080,0.004265873,0.012295082
Oswego,8/1/2020,60,10613,0.005653444,0.009868421
Oswego,9/1/2020,202,11708,0.01725316,0.005928854
Oswego,10/1/2020,142,20039,0.007086182,0.00617284
Oswego,11/1/2020,320,10588,0.030222894,0.004132231
Otsego,3/1/2020,19,177,0.107344633,0.052631579
Otsego,4/1/2020,48,1109,0.043282236,0.044776119
Otsego,5/1/2020,5,2643,0.00189179,0.055555556
Otsego,6/1/2020,12,4951,0.002423753,0.047619048
Otsego,7/1/2020,28,4600,0.006086957,0.035714286
Otsego,8/1/2020,67,6006,0.011155511,0.022346369
Otsego,9/1/2020,163,8150,0.02,0.011695906
Otsego,10/1/2020,79,9628,0.008205235,0.011876485
Otsego,11/1/2020,42,5363,0.007831438,0.010799136
Putnam,3/1/2020,207,877,0.236031927,0
Putnam,4/1/2020,783,3437,0.227814955,0.045454545
Putnam,5/1/2020,267,5192,0.05142527,0.047732697
Putnam,6/1/2020,72,7855,0.009166136,0.047404063
Putnam,7/1/2020,96,9702,0.009894867,0.044210526
Putnam,8/1/2020,80,10235,0.007816317,0.041860465
Putnam,9/1/2020,124,10103,0.012273582,0.038674033
Putnam,10/1/2020,232,15751,0.014729224,0.034390113
Putnam,11/1/2020,292,8034,0.036345531,0.029725964
Queens,3/1/2020,14902,26795,0.556148535,0.025231513
Queens,4/1/2020,37372,97583,0.382976543,0.096281134
Queens,5/1/2020,9820,142614,0.068857195,0.100573324
Queens,6/1/2020,3361,218692,0.015368646,0.107814529
Queens,7/1/2020,2586,218522,0.011834049,0.105451125
Queens,8/1/2020,2247,258451,0.008694104,0.102748691
Queens,9/1/2020,2404,250986,0.009578223,0.099777142
Queens,10/1/2020,4957,356796,0.013893093,0.093948409
Queens,11/1/2020,4707,200639,0.023460045,0.088894555
Rensselaer,3/1/2020,43,1162,0.037005164,0
Rensselaer,4/1/2020,255,2247,0.113484646,0.040268456
Rensselaer,5/1/2020,194,6993,0.027742028,0.050813008
Rensselaer,6/1/2020,63,10422,0.006044905,0.057657658
Rensselaer,7/1/2020,179,12205,0.01466612,0.047683924
Rensselaer,8/1/2020,107,13518,0.007915372,0.048751486
Rensselaer,9/1/2020,82,16371,0.005008857,0.045503792
Rensselaer,10/1/2020,201,44846,0.004482005,0.038256228
Rensselaer,11/1/2020,197,19559,0.01007209,0.034065102
Richmond,3/1/2020,3188,7160,0.445251397,0.021016311
Richmond,4/1/2020,8749,27175,0.321950322,0.060316662
Richmond,5/1/2020,1600,27296,0.058616647,0.073132895
Richmond,6/1/2020,572,45801,0.01248881,0.074349706
Richmond,7/1/2020,672,51639,0.01301342,0.072796157
Richmond,8/1/2020,527,63117,0.008349573,0.070747322
Richmond,9/1/2020,717,64653,0.011089973,0.067769111
Richmond,10/1/2020,1619,95272,0.01699345,0.062060757
Richmond,11/1/2020,1998,55719,0.035858504,0.056257
Rockland,3/1/2020,3321,8207,0.404654563,0.005420054
Rockland,4/1/2020,8491,23209,0.365849455,0.033694548
Rockland,5/1/2020,1373,21852,0.062831777,0.037466818
Rockland,6/1/2020,417,24975,0.016696697,0.037200412
Rockland,7/1/2020,278,25812,0.010770184,0.036527378
Rockland,8/1/2020,391,29851,0.013098389,0.035596665
Rockland,9/1/2020,1365,37485,0.036414566,0.032553083
Rockland,10/1/2020,2629,71302,0.036871336,0.028086504
Rockland,11/1/2020,1578,46132,0.034206191,0.026104924
Saratoga,3/1/2020,122,1720,0.070930233,0
Saratoga,4/1/2020,236,3490,0.067621777,0.036312849
Saratoga,5/1/2020,125,8460,0.014775414,0.028985507
Saratoga,6/1/2020,67,14900,0.004496644,0.027272727
Saratoga,7/1/2020,176,17765,0.009907121,0.020661157
Saratoga,8/1/2020,120,24880,0.004823151,0.017730496
Saratoga,9/1/2020,227,31601,0.007183317,0.013979497
Saratoga,10/1/2020,350,40913,0.008554738,0.011946592
Saratoga,11/1/2020,257,18398,0.01396891,0.010119048
Schenectady,3/1/2020,93,1163,0.079965606,0.010752688
Schenectady,4/1/2020,421,3206,0.131316282,0.042801556
Schenectady,5/1/2020,179,8683,0.020614995,0.04040404
Schenectady,6/1/2020,112,14634,0.00765341,0.043478261
Schenectady,7/1/2020,227,14460,0.015698479,0.037790698
Schenectady,8/1/2020,239,17151,0.013935048,0.033831629
Schenectady,9/1/2020,146,25388,0.005750748,0.03246295
Schenectady,10/1/2020,205,33030,0.006206479,0.029593095
Schenectady,11/1/2020,249,15709,0.015850786,0.027792624
Schoharie,3/1/2020,8,91,0.087912088,0
Schoharie,4/1/2020,35,542,0.064575646,0.023255814
Schoharie,5/1/2020,7,892,0.007847534,0.04
Schoharie,6/1/2020,8,1603,0.004990643,0.034482759
Schoharie,7/1/2020,10,1478,0.0067659,0.029411765
Schoharie,8/1/2020,2,1874,0.001067236,0.028571429
Schoharie,9/1/2020,15,2252,0.006660746,0.023529412
Schoharie,10/1/2020,30,5779,0.00519121,0.017391304
Schoharie,11/1/2020,28,4251,0.006586685,0.013986014
Schuyler,3/1/2020,2,67,0.029850746,0
Schuyler,4/1/2020,5,351,0.014245014,0
Schuyler,5/1/2020,4,1125,0.003555556,0
Schuyler,6/1/2020,2,1522,0.00131406,0
Schuyler,7/1/2020,9,1859,0.004841313,0
Schuyler,8/1/2020,4,1874,0.002134472,0
Schuyler,9/1/2020,21,2498,0.008406725,0
Schuyler,10/1/2020,102,4187,0.024361118,0.020134228
Schuyler,11/1/2020,79,1943,0.040658775,0.013157895
Seneca,3/1/2020,2,81,0.024691358,0
Seneca,4/1/2020,39,416,0.09375,0.024390244
Seneca,5/1/2020,18,1755,0.01025641,0.016949153
Seneca,6/1/2020,11,3145,0.003497615,0.014285714
Seneca,7/1/2020,15,3064,0.004895561,0.011764706
Seneca,8/1/2020,15,2952,0.005081301,0.01
Seneca,9/1/2020,8,3339,0.002395927,0.009259259
Seneca,10/1/2020,41,5755,0.00712424,0.013422819
Seneca,11/1/2020,60,2437,0.024620435,0.009569378
St. Lawrence,3/1/2020,34,418,0.081339713,0
St. Lawrence,4/1/2020,142,1565,0.090734824,0.011363636
St. Lawrence,5/1/2020,29,7646,0.003792833,0.009756098
St. Lawrence,6/1/2020,14,8403,0.001666072,0.01369863
St. Lawrence,7/1/2020,42,9996,0.004201681,0.01532567
St. Lawrence,8/1/2020,14,15255,0.000917732,0.014545455
St. Lawrence,9/1/2020,55,18360,0.002995643,0.012121212
St. Lawrence,10/1/2020,93,26464,0.003514208,0.009456265
St. Lawrence,11/1/2020,145,14660,0.009890859,0.008802817
Steuben,3/1/2020,38,284,0.133802817,0
Steuben,4/1/2020,178,1795,0.099164345,0.087962963
Steuben,5/1/2020,25,3623,0.006900359,0.112033195
Steuben,6/1/2020,27,6943,0.003888809,0.108208955
Steuben,7/1/2020,22,7369,0.00298548,0.1
Steuben,8/1/2020,25,8284,0.003017866,0.123809524
Steuben,9/1/2020,149,8845,0.016845676,0.092672414
Steuben,10/1/2020,623,16087,0.038726922,0.064397424
Steuben,11/1/2020,329,11245,0.029257448,0.050847458
Suffolk,3/1/2020,7605,19305,0.393939394,0.006969099
Suffolk,4/1/2020,26432,74263,0.355924215,0.034580016
Suffolk,5/1/2020,5668,92760,0.061103924,0.047324015
Suffolk,6/1/2020,1722,140429,0.012262424,0.047819055
Suffolk,7/1/2020,1873,153584,0.012195281,0.046120092
Suffolk,8/1/2020,1585,181553,0.008730233,0.044602874
Suffolk,9/1/2020,1678,170901,0.00981855,0.043274703
Suffolk,10/1/2020,2975,264479,0.01124853,0.040776777
Suffolk,11/1/2020,3770,139557,0.027014052,0.037949276
Sullivan,3/1/2020,121,761,0.159001314,0.016528926
Sullivan,4/1/2020,759,3104,0.244523196,0.017045455
Sullivan,5/1/2020,509,4396,0.115787079,0.022318215
Sullivan,6/1/2020,63,5416,0.011632201,0.024104683
Sullivan,7/1/2020,31,5016,0.006180223,0.024949427
Sullivan,8/1/2020,47,4887,0.009617352,0.024183007
Sullivan,9/1/2020,77,6412,0.012008734,0.023024269
Sullivan,10/1/2020,211,8705,0.024238943,0.020352035
Sullivan,11/1/2020,161,5222,0.030831099,0.019201617
Tioga,3/1/2020,7,140,0.05,0
Tioga,4/1/2020,83,763,0.108781127,0.066666667
Tioga,5/1/2020,40,2314,0.017286085,0.130769231
Tioga,6/1/2020,13,3839,0.003386299,0.132867133
Tioga,7/1/2020,45,3867,0.011636928,0.111702128
Tioga,8/1/2020,21,4194,0.005007153,0.100478469
Tioga,9/1/2020,47,5443,0.008634944,0.08203125
Tioga,10/1/2020,443,11464,0.038642708,0.0472103
Tioga,11/1/2020,252,4511,0.055863445,0.045215563
Tompkins,3/1/2020,68,1166,0.058319039,0
Tompkins,4/1/2020,60,2406,0.024937656,0
Tompkins,5/1/2020,36,6974,0.00516203,0
Tompkins,6/1/2020,13,8637,0.001505152,0
Tompkins,7/1/2020,53,12427,0.004264907,0
Tompkins,8/1/2020,40,26517,0.001508466,0
Tompkins,9/1/2020,156,121605,0.001282842,0
Tompkins,10/1/2020,230,287136,0.000801014,0
Tompkins,11/1/2020,150,120714,0.001242606,0
Ulster,3/1/2020,221,1385,0.159566787,0.013574661
Ulster,4/1/2020,1077,7033,0.15313522,0.018489985
Ulster,5/1/2020,393,11512,0.03413829,0.044352454
Ulster,6/1/2020,91,17778,0.005118686,0.045454545
Ulster,7/1/2020,244,18961,0.01286852,0.039980257
Ulster,8/1/2020,150,19070,0.007865758,0.037683824
Ulster,9/1/2020,106,18962,0.005590128,0.036809816
Ulster,10/1/2020,274,27525,0.009954587,0.033646322
Ulster,11/1/2020,232,15358,0.015106134,0.031205165
Warren,3/1/2020,18,469,0.038379531,0
Warren,4/1/2020,164,998,0.164328657,0.043956044
Warren,5/1/2020,73,3646,0.020021942,0.109803922
Warren,6/1/2020,8,4967,0.00161063,0.114068441
Warren,7/1/2020,37,5998,0.006168723,0.1
Warren,8/1/2020,22,6168,0.003566796,0.093167702
Warren,9/1/2020,69,7180,0.009610028,0.076726343
Warren,10/1/2020,77,10645,0.007233443,0.064102564
Warren,11/1/2020,39,4755,0.008201893,0.059171598
Washington,3/1/2020,10,271,0.036900369,0
Washington,4/1/2020,160,822,0.194647202,0.017647059
Washington,5/1/2020,65,2974,0.021856086,0.059574468
Washington,6/1/2020,11,5331,0.002063403,0.056910569
Washington,7/1/2020,9,5602,0.001606569,0.054901961
Washington,8/1/2020,13,5293,0.002456074,0.052238806
Washington,9/1/2020,34,6504,0.005227552,0.046357616
Washington,10/1/2020,48,8784,0.005464481,0.04
Washington,11/1/2020,53,5844,0.009069131,0.034739454
Wayne,3/1/2020,24,317,0.075709779,0
Wayne,4/1/2020,47,978,0.04805726,0.014084507
Wayne,5/1/2020,45,4443,0.010128292,0.017241379
Wayne,6/1/2020,58,9382,0.006182051,0.011494253
Wayne,7/1/2020,71,10230,0.006940371,0.008163265
Wayne,8/1/2020,35,10077,0.003473256,0.010714286
Wayne,9/1/2020,46,10853,0.004238459,0.009202454
Wayne,10/1/2020,235,13386,0.017555655,0.007130125
Wayne,11/1/2020,196,6908,0.028372901,0.01321004
Westchester,3/1/2020,10683,37190,0.287254638,0.002340167
Westchester,4/1/2020,18549,57252,0.323988682,0.035269568
Westchester,5/1/2020,4320,67466,0.064032253,0.040504292
Westchester,6/1/2020,1314,108784,0.012078982,0.040870762
Westchester,7/1/2020,1108,123525,0.008969844,0.040167899
Westchester,8/1/2020,1047,140735,0.007439514,0.039220983
Westchester,9/1/2020,1279,135707,0.009424716,0.038015666
Westchester,10/1/2020,2646,189448,0.013966893,0.035925365
Westchester,11/1/2020,3400,101235,0.033585223,0.033509223
Wyoming,3/1/2020,10,125,0.08,0.1
Wyoming,4/1/2020,58,459,0.126361656,0.058823529
Wyoming,5/1/2020,18,1830,0.009836066,0.046511628
Wyoming,6/1/2020,9,3309,0.002719855,0.042105263
Wyoming,7/1/2020,17,3735,0.004551539,0.035714286
Wyoming,8/1/2020,14,4044,0.003461919,0.031746032
Wyoming,9/1/2020,11,6903,0.00159351,0.02919708
Wyoming,10/1/2020,66,5323,0.012399023,0.024630542
Wyoming,11/1/2020,140,2890,0.048442907,0.014577259
Yates,3/1/2020,0,54,0,NA
Yates,4/1/2020,18,220,0.081818182,0.055555556
Yates,5/1/2020,21,1151,0.018245004,0.153846154
Yates,6/1/2020,7,2163,0.003236246,0.130434783
Yates,7/1/2020,9,2028,0.00443787,0.109090909
Yates,8/1/2020,7,2119,0.003303445,0.096774194
Yates,9/1/2020,2,2245,0.000890869,0.09375
Yates,10/1/2020,70,3181,0.022005659,0.044776119
Yates,11/1/2020,72,1311,0.054919908,0.029126214
