month,county,residents_covid19_deaths_per_month,residents_covid19_cases_per_month,NH_monthly_fatality_rate,county_monthly_occupancy,county_monthly_cases,county_monthly_prevalence,NH_occupancy_rate,staff_flu_vaccination_rate,total_supply_ppe_monthly,total_shortage_stuff_monthly,ventilator_dependent_unit_monthly,monthly_new_positives,monthly_new_tests_performed,monthly_infection_rate,monthly_fatality_rate
5,Albany,42,130,0.3230769230769231,1411,130,0.09213323883770376,0.7946724581727235,0.8045454545454546,1,1,1,678,14613,0.046397044,0.052603613
6,Albany,4,11,0.36363636363636365,1443,11,0.007623007623007623,0.8002926197856151,0.8045454545454546,1,1,1,230,23788,0.009668741,0.051136364
7,Albany,4,14,0.2857142857142857,1474,14,0.009497964721845319,0.8318851660253975,0.8045454545454546,1,1,1,403,27414,0.014700518,0.045725646
8,Albany,6,9,0.6666666666666666,1484,9,0.006064690026954178,0.8348380125782185,0.8045454545454546,1,1,1,271,32030,0.008460818,0.04379038
9,Albany,0,0,NA,1475,0,0,0.8380651248912144,0.8045454545454546,1,1,1,347,30415,0.011408844,0.039259496
10,Albany,0,5,0,1519,5,0.0032916392363396972,0.8504863317251561,0.8045454545454546,1,1,1,NA,NA,NA,NA
5,Allegany,NA,NA,NA,NA,NA,NA,0.91875,0.7125,1,0,0,13,1372,0.009475219,0.041666667
6,Allegany,NA,NA,NA,326,NA,NA,0.905746487119438,0.7125,1,1,0,13,4083,0.003183933,0.032786885
7,Allegany,0,0,NA,327,0,0,0.889344262295082,0.7125,1,1,0,13,3246,0.004004929,0.027027027
8,Allegany,0,0,NA,330,0,0,0.9028340163934426,0.7125,1,1,0,15,4503,0.003331113,0.02247191
9,Allegany,0,0,NA,328,0,0,0.9038584357923497,0.7125,1,1,0,30,4536,0.006613757,0.033613445
10,Allegany,8,52,0.15384615384615385,302,52,0.17218543046357615,0.8725554986338798,0.7125,1,1,0,NA,NA,NA,NA
5,Bronx,NA,NA,NA,NA,NA,NA,0.8330698580415637,0.7395555555555555,1,1,1,7574,99691,0.075974762,0.098503053
6,Bronx,NA,NA,NA,9266,NA,NA,0.8436693562990409,0.7395555555555555,1,1,1,2292,137268,0.016697264,0.099871986
7,Bronx,4,29,0.13793103448275862,9248,29,0.0031358131487889272,0.8129795294469176,0.7395555555555555,1,1,1,1975,139839,0.014123385,0.09779148
8,Bronx,4,15,0.26666666666666666,9057,15,0.0016561775422325273,0.8145291890436784,0.7395555555555555,1,1,1,2037,171837,0.011854257,0.095019647
9,Bronx,3,10,0.3,9345,10,0.001070090957731407,0.8269744661650381,0.7395555555555555,1,1,1,1506,170630,0.008826115,0.093136978
10,Bronx,0,9,0,9386,9,9.588749200937567e-4,0.8286575918818058,0.7395555555555555,1,1,1,NA,NA,NA,NA
5,Broome,NA,NA,NA,NA,NA,NA,0.855472311916984,0.8045454545454546,1,1,1,275,13809,0.019914548,0.081881533
6,Broome,9,38,0.23684210526315788,1338,38,0.028400597907324365,0.8635718963311688,0.8045454545454546,1,1,1,148,21307,0.006946074,0.08033241
7,Broome,8,51,0.1568627450980392,1345,51,0.0379182156133829,0.8629235693342399,0.8045454545454546,1,1,1,326,22333,0.014597233,0.06870229
8,Broome,12,25,0.48,1357,25,0.018422991893883568,0.8672631219690569,0.8045454545454546,1,1,1,263,28916,0.009095311,0.062547674
9,Broome,1,0,Inf,1340,0,0,0.8610140453819851,0.8045454545454546,1,1,1,418,29146,0.014341591,0.049161365
10,Broome,2,98,0.02040816326530612,1298,98,0.07550077041602465,0.8125287424164839,0.8045454545454546,1,1,1,NA,NA,NA,NA
5,Cattaraugus,0,0,NA,448,0,0,0.8340046024285155,0.856,1,0,0,40,3893,0.010274852,0.033707865
6,Cattaraugus,0,1,0,452,1,0.0022123893805309734,0.8380970916568743,0.856,1,1,0,34,7820,0.004347826,0.048780488
7,Cattaraugus,0,0,NA,444,0,0,0.823502374657266,0.856,1,1,0,35,7034,0.004975832,0.037974684
8,Cattaraugus,0,1,0,449,1,0.0022271714922048997,0.849102330591461,0.856,1,1,0,48,8056,0.005958292,0.029126214
9,Cattaraugus,0,1,0,440,1,0.0022727272727272726,0.8256464208773991,0.856,1,1,0,73,7938,0.009196271,0.028673835
10,Cattaraugus,1,20,0.05,432,20,0.046296296296296294,0.7631215726596161,0.856,1,1,0,NA,NA,NA,NA
5,Cayuga,NA,NA,NA,NA,NA,NA,0.8656702898550724,0.6950000000000001,1,1,0,41,3859,0.010624514,0.02173913
6,Cayuga,0,0,NA,466,0,0,0.8754772853957636,0.6950000000000001,1,1,0,27,7433,0.00363245,0.016806723
7,Cayuga,0,1,0,461,1,0.0021691973969631237,0.8619495540691193,0.6950000000000001,1,1,0,25,7746,0.003227472,0.013888889
8,Cayuga,0,0,NA,462,0,0,0.8765203455964325,0.6950000000000001,1,1,0,36,8098,0.004445542,0.011111111
9,Cayuga,0,0,NA,463,0,0,0.8770772366220736,0.6950000000000001,1,1,0,41,10026,0.004089368,0.009049774
10,Cayuga,0,2,0,457,2,0.00437636761487965,0.8838358765328874,0.6950000000000001,1,1,0,NA,NA,NA,NA
5,Chautauqua,0,0,NA,825,0,0,0.8911800060568206,0.9114285714285714,1,1,0,50,4394,0.011379153,0.023529412
6,Chautauqua,0,1,0,846,1,0.001182033096926714,0.9033492906333328,0.9114285714285714,1,1,0,42,13226,0.003175563,0.023622047
7,Chautauqua,0,0,NA,821,0,0,0.894561071535361,0.9114285714285714,1,1,0,104,12322,0.008440188,0.017316017
8,Chautauqua,0,0,NA,830,0,0,0.8941425050952755,0.9114285714285714,1,1,0,174,13816,0.012594094,0.009876543
9,Chautauqua,0,0,NA,814,0,0,0.887344520053833,0.9114285714285714,1,1,0,197,14354,0.013724397,0.006644518
10,Chautauqua,0,3,0,808,3,0.0037128712871287127,0.8848314591938083,0.9114285714285714,1,1,0,NA,NA,NA,NA
5,Chemung,NA,NA,NA,NA,NA,NA,0.9069631951141113,0.6525,1,1,0,14,4976,0.002813505,0.01459854
6,Chemung,NA,NA,NA,NA,NA,NA,0.8887009803921568,0.6525,1,1,0,7,8211,8.52515e-4,0.013888889
7,Chemung,NA,NA,NA,NA,NA,NA,0.8084759723561555,0.6525,1,1,0,19,9276,0.002048297,0.012269939
8,Chemung,NA,NA,NA,NA,NA,NA,0.8261423979427837,0.6525,1,1,0,42,9364,0.004485263,0.009756098
9,Chemung,NA,NA,NA,NA,NA,NA,0.8607662327225972,0.6525,1,1,0,355,12556,0.028273335,0.008928571
10,Chemung,NA,NA,NA,NA,NA,NA,0.8849545965927355,0.6525,1,1,0,NA,NA,NA,NA
5,Chenango,NA,NA,NA,423,NA,NA,0.7763063002530851,0.928,1,1,0,34,3657,0.009297238,0.037593985
6,Chenango,0,0,NA,401,0,0,0.761934841765773,0.928,1,1,0,13,6559,0.001982009,0.04109589
7,Chenango,0,1,0,398,1,0.002512562814070352,0.7496994053618222,0.928,1,1,0,63,5643,0.011164274,0.028708134
8,Chenango,0,0,NA,396,0,0,0.7512808909494053,0.928,1,1,0,20,6520,0.003067485,0.026200873
9,Chenango,0,0,NA,396,0,0,0.7467102146744607,0.928,1,1,0,24,6019,0.003987373,0.023715415
10,Chenango,0,1,0,402,1,0.0024875621890547263,0.7428089094940536,0.928,1,1,0,NA,NA,NA,NA
5,Clinton,0,0,NA,387,0,0,0.8435089128827744,0.9775,1,1,0,35,3371,0.010382676,0.041666667
6,Clinton,0,0,NA,392,0,0,0.8404748081234412,0.9775,1,1,0,5,7476,6.68807e-4,0.03960396
7,Clinton,0,1,0,385,1,0.0025974025974025974,0.8359750124357772,0.9775,1,1,0,26,7528,0.003453773,0.031496063
8,Clinton,0,0,NA,382,0,0,0.8179506558721049,0.9775,1,1,0,24,7374,0.003254679,0.033112583
9,Clinton,0,0,NA,382,0,0,0.8172664704241521,0.9775,1,1,0,11,8927,0.001232217,0.030864198
10,Clinton,0,0,NA,382,0,0,0.8199693718608299,0.9775,1,1,0,NA,NA,NA,NA
5,Columbia,NA,NA,NA,NA,NA,NA,0.7819444444444444,0.866,1,0,0,187,3051,0.06129138,0.100257069
6,Columbia,6,31,0.1935483870967742,401,31,0.0773067331670823,0.7133359593837535,0.866,1,1,0,77,6716,0.011465158,0.100858369
7,Columbia,0,1,0,431,1,0.002320185614849188,0.7407081582633053,0.866,1,1,0,53,6799,0.007795264,0.090558767
8,Columbia,0,1,0,451,1,0.0022172949002217295,0.7596848739495798,0.866,1,0,0,50,7441,0.006719527,0.082601054
9,Columbia,0,0,NA,451,0,0,0.7717787114845939,0.866,1,0,0,26,6705,0.003877703,0.078991597
10,Columbia,0,0,NA,450,0,0,0.7748818277310924,0.866,1,1,0,NA,NA,NA,NA
5,Cortland,0,0,NA,335,0,0,0.8462466124661246,0.9733333333333333,1,0,0,13,2908,0.0044704259999999996,0.024390244
6,Cortland,0,0,NA,339,0,0,0.8847275454897406,0.9733333333333333,1,0,0,6,4942,0.001214083,0.021276596
7,Cortland,0,1,0,338,1,0.0029585798816568047,0.8888492063492064,0.9733333333333333,1,0,0,44,5727,0.007682906,0.010989011
8,Cortland,0,3,0,326,3,0.009202453987730062,0.872095238095238,0.9733333333333333,1,0,0,10,5510,0.001814882,0.00990099
9,Cortland,0,0,NA,323,0,0,0.8722619047619048,0.9733333333333333,1,0,0,94,7807,0.012040476,0.005128205
10,Cortland,0,0,NA,315,0,0,0.8510912698412698,0.9733333333333333,1,0,0,NA,NA,NA,NA
5,Delaware,NA,NA,NA,NA,NA,NA,0.7529563932002956,0.5866666666666667,1,1,0,20,2342,0.00853971,0.024691358
6,Delaware,0,0,NA,308,0,0,0.8522111357477211,0.5866666666666667,1,1,0,10,4660,0.002145923,0.043956044
7,Delaware,0,0,NA,310,0,0,0.8599508807588075,0.5866666666666667,1,1,0,12,3765,0.003187251,0.038834951
8,Delaware,0,0,NA,315,0,0,0.8674618132544961,0.5866666666666667,1,1,0,12,4605,0.002605863,0.034782609
9,Delaware,0,0,NA,302,0,0,0.8505212182803646,0.5866666666666667,1,1,0,22,5286,0.004161937,0.03649635
10,Delaware,0,0,NA,307,0,0,0.8466448016752894,0.5866666666666667,1,1,0,NA,NA,NA,NA
5,Dutchess,NA,NA,NA,NA,NA,NA,0.8296087438484218,0.5607692307692308,1,1,1,922,17804,0.051786115,0.035423038
6,Dutchess,3,3,1,1603,3,0.0018714909544603868,0.8291432960532406,0.5607692307692308,1,1,1,289,27763,0.010409538,0.035841443
7,Dutchess,1,3,0.3333333333333333,1588,3,0.001889168765743073,0.823346758950201,0.5607692307692308,1,1,1,291,32537,0.008943664,0.033969805
8,Dutchess,0,2,0,1601,2,0.0012492192379762648,0.8188999285802908,0.5607692307692308,1,1,1,364,42510,0.008562691,0.031429745
9,Dutchess,0,2,0,1627,2,0.001229256299938537,0.8310039073468123,0.5607692307692308,1,1,1,280,36705,0.007628389,0.03030303
10,Dutchess,0,0,NA,1633,0,0,0.8381196275191501,0.5607692307692308,1,1,1,NA,NA,NA,NA
5,Erie,NA,NA,NA,NA,NA,NA,0.8120036723549192,0.7745714285714286,1,1,1,2642,47504,0.055616369,0.081169361
6,Erie,66,331,0.19939577039274925,4473,331,0.0739995528727923,0.8176085858196814,0.7745714285714286,1,1,1,1214,78201,0.015524098,0.077824724
7,Erie,10,58,0.1724137931034483,4481,58,0.012943539388529346,0.8041715919232751,0.7745714285714286,1,1,1,1211,84624,0.014310361,0.069489939
8,Erie,6,26,0.23076923076923078,4583,26,0.005673139864717434,0.8160502549823706,0.7745714285714286,1,1,1,1399,100096,0.013976582,0.060922891
9,Erie,12,29,0.41379310344827586,4600,29,0.006304347826086957,0.823920993593148,0.7745714285714286,1,1,1,1627,101943,0.015959899,0.054000346
10,Erie,12,118,0.1016949152542373,4558,118,0.025888547608600262,0.8168483684498542,0.7745714285714286,1,1,1,NA,NA,NA,NA
5,Essex,0,1,0,269,1,0.0037174721189591076,0.9203615520282187,0.9299999999999999,1,1,0,9,2628,0.003424658,0
6,Essex,0,0,NA,269,0,0,0.9169077013521458,0.9299999999999999,1,1,0,5,3270,0.001529052,0
7,Essex,0,0,NA,265,0,0,0.8965652557319224,0.9299999999999999,1,1,0,13,3159,0.004115226,0
8,Essex,2,39,0.05128205128205128,263,39,0.1482889733840304,0.9062433862433862,0.9299999999999999,1,1,0,76,4097,0.018550159,0.045801527
9,Essex,7,22,0.3181818181818182,246,22,0.08943089430894309,0.8616093474426808,0.9299999999999999,1,1,0,38,4210,0.009026128,0.082840237
10,Essex,1,0,Inf,246,0,0,0.8453306878306879,0.9299999999999999,1,1,0,NA,NA,NA,NA
5,Franklin,0,0,NA,170,0,0,0.8768518518518519,0.49,1,1,0,8,3067,0.002608412,0
6,Franklin,0,0,NA,171,0,0,0.8460648148148149,0.49,1,1,0,8,4291,0.001864367,0
7,Franklin,0,0,NA,166,0,0,0.8576388888888888,0.49,1,1,0,19,4545,0.004180418,0.02
8,Franklin,0,0,NA,176,0,0,0.8796296296296297,0.49,1,1,0,8,5257,0.00152178,0.017241379
9,Franklin,0,0,NA,178,0,0,0.9171296296296296,0.49,1,0,0,8,4860,0.001646091,0.015151515
10,Franklin,0,0,NA,180,0,0,0.9145833333333333,0.49,1,0,0,NA,NA,NA,NA
5,Fulton,17,94,0.18085106382978725,307,94,0.30618892508143325,0.8424765512265513,0.9433333333333334,1,1,0,135,2710,0.049815498,0.09047619
6,Fulton,10,31,0.3225806451612903,302,31,0.10264900662251655,1.0037666847041846,0.9433333333333334,1,1,0,47,5252,0.008948972,0.101167315
7,Fulton,1,25,0.04,304,25,0.08223684210526316,0.8298457792207793,0.9433333333333334,1,1,0,25,4637,0.005391417,0.09929078
8,Fulton,1,8,0.125,308,8,0.025974025974025976,0.8306038961038961,0.9433333333333334,1,1,0,29,5392,0.005378338,0.090032154
9,Fulton,0,0,NA,307,0,0,0.8298584054834055,0.9433333333333334,1,1,0,28,4502,0.006219458,0.08259587
10,Fulton,0,0,NA,312,0,0,0.8385380591630591,0.9433333333333334,1,1,0,NA,NA,NA,NA
5,Genesee,0,0,NA,438,0,0,0.9413702476958525,0.9475,1,1,0,48,2910,0.016494845,0.024752475
6,Genesee,0,1,0,449,1,0.0022271714922048997,0.9467871943804403,0.9475,1,1,0,36,5631,0.006393181,0.021008403
7,Genesee,0,0,NA,444,0,0,0.9171989007296467,0.9475,1,1,0,34,6084,0.005588429,0.022058824
8,Genesee,0,0,NA,445,0,0,0.9124174347158218,0.9475,1,0,0,25,7350,0.003401361,0.02020202
9,Genesee,0,2,0,448,2,0.004464285714285714,0.8915422587045571,0.9475,1,0,0,38,7120,0.005337079,0.017910448
10,Genesee,0,3,0,434,3,0.0069124423963133645,0.9031676027265745,0.9475,1,1,0,NA,NA,NA,NA
5,Greene,14,90,0.15555555555555556,207,90,0.43478260869565216,0.8077205882352941,0.975,1,0,0,100,1804,0.055432373,0.054393305
6,Greene,0,0,NA,217,0,0,0.8132352941176471,0.975,1,0,0,21,3492,0.006013746,0.05
7,Greene,0,1,0,232,1,0.004310344827586207,0.8746323529411765,0.975,1,1,0,29,4035,0.007187113,0.044982699
8,Greene,0,0,NA,234,0,0,0.9000980392156863,0.975,1,0,0,20,4388,0.004557885,0.042071197
9,Greene,0,0,NA,233,0,0,0.9205269607843137,0.975,1,0,0,19,4175,0.004550898,0.042682927
10,Greene,0,0,NA,224,0,0,0.8927083333333333,0.975,1,0,0,NA,NA,NA,NA
5,Herkimer,NA,NA,NA,477,NA,NA,0.9135736196319019,0.9475,1,1,0,49,3567,0.013737034,0.027522936
6,Herkimer,0,0,NA,467,0,0,0.9052346945296523,0.9475,1,1,0,53,8625,0.006144928,0.018518519
7,Herkimer,0,2,0,461,2,0.004338394793926247,0.8867946382924335,0.9475,1,1,0,78,7000,0.011142857,0.020833333
8,Herkimer,6,30,0.2,448,30,0.06696428571428571,0.8650696574642127,0.9475,1,1,0,58,8924,0.006499328,0.033557047
9,Herkimer,0,1,0,434,1,0.002304147465437788,0.8466313586400818,0.9475,1,1,0,42,8275,0.005075529,0.029411765
10,Herkimer,0,0,NA,453,0,0,0.8591177786298568,0.9475,1,0,0,NA,NA,NA,NA
5,Jefferson,0,0,NA,490,0,0,0.9261963118580766,0.9366666666666666,1,0,0,13,4803,0.002706642,0
6,Jefferson,0,0,NA,502,0,0,0.9260358309990663,0.9366666666666666,1,1,0,14,7335,0.001908657,0
7,Jefferson,0,1,0,503,1,0.0019880715705765406,0.9290538437597261,0.9366666666666666,1,1,0,42,7738,0.005427759,0
8,Jefferson,0,0,NA,509,0,0,0.9434290382819794,0.9366666666666666,1,1,0,20,7267,0.002752167,0.006666667
9,Jefferson,0,0,NA,507,0,0,0.9575114768129475,0.9366666666666666,1,1,0,22,7592,0.002897787,0.005813953
10,Jefferson,0,0,NA,507,0,0,0.9523838702147526,0.9366666666666666,1,1,0,NA,NA,NA,NA
5,Kings,418,851,0.491186839012926,7723,851,0.11019034054124045,0.7717977371700185,0.761,1,1,1,10534,165784,0.063540511,0.120100619
6,Kings,22,255,0.08627450980392157,7928,255,0.032164480322906155,0.8010832691759895,0.761,1,1,1,3689,244362,0.015096455,0.11889458
7,Kings,0,30,0,8019,30,0.0037411148522259632,0.7865898587192363,0.761,1,1,1,2752,245174,0.011224681,0.115963132
8,Kings,1,11,0.09090909090909091,8153,11,0.0013491966147430394,0.797931541567282,0.761,1,1,1,2624,281365,0.009325964,0.111950613
9,Kings,1,29,0.034482758620689655,8145,29,0.0035604665438919584,0.8034413454096058,0.761,1,1,1,3944,294289,0.013401792,0.106122035
10,Kings,1,58,0.017241379310344827,8167,58,0.0071017509489408595,0.8035675757360303,0.761,1,1,1,NA,NA,NA,NA
5,Lewis,0,0,NA,137,0,0,0.85625,0,1,1,0,11,1849,0.005949162,0.25
6,Lewis,0,0,NA,139,0,0,0.8609375,0,1,1,0,10,2199,0.004547522,0.166666667
7,Lewis,0,0,NA,140,0,0,0.875,0,1,0,0,4,2052,0.001949318,0.147058824
8,Lewis,0,0,NA,137,0,0,0.8625,0,1,0,0,15,1913,0.007841087,0.102040816
9,Lewis,0,1,0,138,1,0.007246376811594203,0.85625,0,1,0,0,1,1990,5.02513e-4,0.1
10,Lewis,0,0,NA,137,0,0,0.8484375,0,1,0,0,NA,NA,NA,NA
5,Livingston,2,4,0.5,302,4,0.013245033112582781,0.8388314536340852,0.92,1,1,0,46,2755,0.016696915,0.025210084
6,Livingston,0,0,NA,291,0,0,0.8171522556390978,0.92,1,1,0,11,5034,0.002185141,0.030769231
7,Livingston,0,1,0,283,1,0.0035335689045936395,0.7660766499582289,0.92,1,1,0,36,5660,0.006360424,0.024096386
8,Livingston,0,0,NA,282,0,0,0.7993295739348371,0.92,1,1,0,17,6008,0.002829561,0.032786885
9,Livingston,0,0,NA,276,0,0,0.7869726399331662,0.92,1,1,0,25,6720,0.003720238,0.028846154
10,Livingston,0,0,NA,275,0,0,0.7855419799498747,0.92,1,1,0,NA,NA,NA,NA
5,Madison,NA,NA,NA,NA,NA,NA,0.8104166666666667,0.9266666666666666,1,0,0,177,3475,0.050935252,0.025316456
6,Madison,0,0,NA,318,0,0,0.8501736111111111,0.9266666666666666,1,0,1,41,5831,0.007031384,0.025210084
7,Madison,0,0,NA,315,0,0,0.8868055555555555,0.9266666666666666,1,0,1,42,6207,0.006766554,0.022556391
8,Madison,0,1,0,327,1,0.0030581039755351682,0.8940277777777778,0.9266666666666666,1,1,1,62,10587,0.005856239,0.019522777
9,Madison,0,0,NA,316,0,0,0.8847222222222222,0.9266666666666666,1,0,1,37,10000,0.0037,0.018072289
10,Madison,0,0,NA,320,0,0,0.909375,0.9266666666666666,1,0,1,NA,NA,NA,NA
5,Monroe,NA,NA,NA,NA,NA,NA,0.8201535969083414,0.7381818181818182,1,1,1,1486,40854,0.036373427,0.066801619
6,Monroe,34,55,0.6181818181818182,NA,55,NA,0.7862301533925298,0.7381818181818182,1,1,1,816,77601,0.010515327999999999,0.064550265
7,Monroe,3,2,1.5,NA,2,NA,0.8032886709699134,0.7381818181818182,1,1,1,962,88685,0.010847381,0.052720371
8,Monroe,0,2,0,NA,2,NA,0.8180516131554849,0.7381818181818182,1,1,1,720,103292,0.00697053,0.047052362
9,Monroe,2,3,0.6666666666666666,NA,3,NA,0.8275423812329216,0.7381818181818182,1,1,1,659,94932,0.006941811,0.042476719
10,Monroe,0,7,0,4147,7,0.0016879672052085846,0.8167728947567798,0.7381818181818182,1,1,1,NA,NA,NA,NA
5,Montgomery,0,2,0,512,2,0.00390625,0.8733333333333333,0.94,1,0,0,37,2702,0.01369356,0.043956044
6,Montgomery,0,0,NA,518,0,0,0.8805952380952381,0.94,1,1,0,27,5912,0.004566982,0.033898305
7,Montgomery,0,2,0,517,2,0.0038684719535783366,0.8950446428571428,0.94,1,1,0,37,5300,0.006981132,0.025806452
8,Montgomery,4,17,0.23529411764705882,525,17,0.03238095238095238,0.8968928571428572,0.94,1,1,0,52,6312,0.008238276,0.038647343
9,Montgomery,2,1,2,521,1,0.0019193857965451055,0.8940922619047619,0.94,1,1,0,28,5786,0.004839267,0.038297872
10,Montgomery,0,0,NA,526,0,0,0.8989732142857143,0.94,1,1,0,NA,NA,NA,NA
5,Nassau,NA,NA,NA,NA,NA,NA,0.7231122342781245,0.8283783783783784,1,1,1,4318,83916,0.051456218,0.052323427
6,Nassau,NA,NA,NA,5334,NA,NA,0.7203849670791663,0.8283783783783784,1,1,1,1374,134402,0.010223062,0.052134853
7,Nassau,8,34,0.23529411764705882,5399,34,0.0062974624930542695,0.7289957168017133,0.8283783783783784,1,1,1,1418,150444,0.009425434,0.050703705
8,Nassau,0,16,0,5400,16,0.002962962962962963,0.7352614020812508,0.8283783783783784,1,1,1,1490,179247,0.008312552,0.049105248
9,Nassau,2,3,0.6666666666666666,5529,3,5.425935973955507e-4,0.7475404941060739,0.8283783783783784,1,1,1,2168,179086,0.012105916,0.046900637
10,Nassau,0,6,0,5566,6,0.0010779734099892202,0.7482312136303261,0.8283783783783784,1,1,1,NA,NA,NA,NA
5,New York,305,654,0.46636085626911317,4485,654,0.14581939799331103,0.7836197287290542,0.8452941176470589,1,1,1,4546,107829,0.042159345,0.108977957
6,New York,6,53,0.11320754716981132,4482,53,0.011825078090138332,0.7746503902824072,0.8452941176470589,1,1,1,1797,170092,0.010564871,0.108282488
7,New York,3,26,0.11538461538461539,4508,26,0.005767524401064774,0.7774235052639649,0.8452941176470589,1,1,1,2000,213080,0.009386146,0.103086703
8,New York,2,17,0.11764705882352941,4562,17,0.003726435773783428,0.7832145643083688,0.8452941176470589,1,1,1,1647,261077,0.006308484,0.098554329
9,New York,0,24,0,4501,24,0.005332148411464119,0.8428508944029824,0.8452941176470589,1,1,1,1461,270090,0.005409308,0.0945102
10,New York,2,6,0.3333333333333333,4610,6,0.0013015184381778742,0.8013985787075676,0.8452941176470589,1,1,1,NA,NA,NA,NA
5,Niagara,NA,NA,NA,NA,NA,NA,0.8342790111925311,0.775,1,1,0,606,11440,0.052972028,0.062141491
6,Niagara,14,41,0.34146341463414637,1109,41,0.0369702434625789,0.8130321702897537,0.775,1,1,0,191,19086,0.010007335,0.068714632
7,Niagara,0,33,0,1129,33,0.029229406554472984,0.8226573144759377,0.775,1,1,0,207,20064,0.010316986,0.060941828
8,Niagara,3,20,0.15,1145,20,0.017467248908296942,0.8270884434793339,0.775,1,1,0,182,20523,0.008868099,0.054735547
9,Niagara,0,2,0,1130,2,0.0017699115044247787,0.8288755364929256,0.775,1,1,0,173,22704,0.007619803,0.049471929
10,Niagara,0,6,0,1154,6,0.005199306759098787,0.8281397935713926,0.775,1,1,0,NA,NA,NA,NA
5,Oneida,20,98,0.20408163265306123,2175,98,0.045057471264367814,0.8555026766338405,0.7329411764705882,1,1,1,585,15976,0.036617426,0.052123552
6,Oneida,18,84,0.21428571428571427,2143,84,0.03919738684087728,0.8420767958644381,0.7329411764705882,1,1,1,606,28849,0.021005927,0.056638246
7,Oneida,20,30,0.6666666666666666,2082,30,0.01440922190201729,0.8288192326180022,0.7329411764705882,1,1,1,439,27057,0.016225006,0.055261893
8,Oneida,0,3,0,2117,3,0.0014170996693434106,0.8270373063287303,0.7329411764705882,1,1,1,200,34037,0.005875959,0.052608505
9,Oneida,0,5,0,2093,5,0.0023889154323936935,0.8286814866610935,0.7329411764705882,1,1,1,179,45381,0.003944382,0.05
10,Oneida,0,49,0,2094,49,0.023400191021967526,0.8192580047299499,0.7329411764705882,1,1,1,NA,NA,NA,NA
5,Onondaga,90,386,0.23316062176165803,2297,386,0.16804527644754028,0.8209303667938759,0.825,1,1,0,1337,29492,0.045334328,0.053254438
6,Onondaga,39,75,0.52,2354,75,0.0318606627017842,0.8175847809062411,0.825,1,1,0,666,45445,0.014655078,0.057981139
7,Onondaga,6,2,3,2414,2,8.285004142502071e-4,0.8441345963112026,0.825,1,1,0,614,49525,0.012397779,0.049467932
8,Onondaga,0,4,0,2425,4,0.0016494845360824743,0.8520041056916237,0.825,1,0,0,435,56491,0.007700342,0.045756646
9,Onondaga,0,1,0,2449,1,4.083299305839118e-4,0.8657541957306386,0.825,1,1,0,544,55355,0.009827477,0.040843806
10,Onondaga,2,5,0.4,2422,5,0.002064409578860446,0.8661804104938661,0.825,1,1,0,NA,NA,NA,NA
5,Ontario,NA,NA,NA,427,NA,NA,0.7764061091903001,0.7716666666666666,1,1,1,117,4883,0.02396068,0.091346154
6,Ontario,2,10,0.2,387,10,0.025839793281653745,0.9118112098635405,0.7716666666666666,1,1,1,57,9671,0.00589391,0.098113208
7,Ontario,0,0,NA,420,0,0,0.7489249890321539,0.7716666666666666,1,1,1,84,10984,0.007647487,0.077363897
8,Ontario,0,1,0,435,1,0.0022988505747126436,0.7909327171876693,0.7716666666666666,1,1,1,44,12375,0.003555556,0.071246819
9,Ontario,0,0,NA,527,0,0,0.8142636740781509,0.7716666666666666,1,1,1,88,13155,0.006689472,0.058212058
10,Ontario,0,1,0,540,1,0.001851851851851852,0.8172133251893114,0.7716666666666666,1,1,1,NA,NA,NA,NA
5,Orange,149,390,0.382051282051282,1037,390,0.3760848601735776,0.7165528391952658,0.862,1,1,0,1671,21308,0.07842125,0.035405872
6,Orange,13,30,0.43333333333333335,NA,30,NA,0.7364613900566289,0.862,1,1,0,308,25353,0.012148464,0.037371855
7,Orange,5,10,0.5,NA,10,NA,0.7744331635103402,0.862,1,1,0,358,26167,0.013681354,0.036706349
8,Orange,2,3,0.6666666666666666,NA,3,NA,0.783662987317653,0.862,1,1,0,357,28858,0.01237092,0.035736129
9,Orange,0,2,0,1143,2,0.0017497812773403325,0.7843539685618205,0.862,1,1,0,754,33674,0.022391162,0.033855234
10,Orange,0,5,0,1152,5,0.004340277777777778,0.7856348780680573,0.862,1,1,0,NA,NA,NA,NA
5,Orleans,NA,NA,NA,NA,NA,NA,0.8291666666666666,0.9333333333333333,1,0,0,144,1862,0.077336198,0.148305085
6,Orleans,NA,NA,NA,196,NA,NA,0.7115530303030303,0.9333333333333333,1,1,0,45,2934,0.015337423,0.192170819
7,Orleans,0,0,NA,211,0,0,0.7269097222222223,0.9333333333333333,1,1,0,14,2908,0.004814305,0.186440678
8,Orleans,0,0,NA,227,0,0,0.76875,0.9333333333333333,1,1,0,11,3430,0.003206997,0.179738562
9,Orleans,0,0,NA,236,0,0,0.7958333333333334,0.9333333333333333,1,1,0,30,4738,0.006331786,0.163690476
10,Orleans,0,0,NA,239,0,0,0.8024305555555555,0.9333333333333333,1,1,0,NA,NA,NA,NA
5,Oswego,NA,NA,NA,440,NA,NA,0.8014285714285714,0.725,1,0,0,46,4832,0.009519868,0.018181818
6,Oswego,0,0,NA,447,0,0,0.8191145833333333,0.725,1,1,0,91,9493,0.009586011,0.014925373
7,Oswego,0,0,NA,436,0,0,0.8249479166666667,0.725,1,1,0,43,10080,0.004265873,0.012295082
8,Oswego,0,0,NA,399,0,0,0.8132916666666666,0.725,1,1,0,60,10613,0.005653444,0.009868421
9,Oswego,0,0,NA,455,0,0,0.8547395833333333,0.725,1,1,0,202,11708,0.01725316,0.005928854
10,Oswego,0,0,NA,464,0,0,0.8654166666666667,0.725,1,0,0,NA,NA,NA,NA
5,Otsego,0,0,NA,358,0,0,0.9311671087533157,0.9366666666666666,1,1,0,5,2643,0.00189179,0.055555556
6,Otsego,0,0,NA,361,0,0,1.1056062113174183,0.9366666666666666,1,1,0,12,4951,0.002423753,0.047619048
7,Otsego,0,0,NA,354,0,0,0.9245735705865016,0.9366666666666666,1,1,0,28,4600,0.006086957,0.035714286
8,Otsego,0,0,NA,356,0,0,0.9370512820512821,0.9366666666666666,1,0,0,67,6006,0.011155511,0.022346369
9,Otsego,0,0,NA,354,0,0,0.9299458443854995,0.9366666666666666,1,1,0,163,8150,0.02,0.011695906
10,Otsego,0,0,NA,364,0,0,0.9379512967875037,0.9366666666666666,1,0,0,NA,NA,NA,NA
5,Putnam,3,22,0.13636363636363635,201,22,0.10945273631840796,0.6328125,0.7949999999999999,1,1,0,267,5192,0.05142527,0.047732697
6,Putnam,0,3,0,204,3,0.014705882352941176,0.62890625,0.7949999999999999,1,1,0,72,7855,0.009166136,0.047404063
7,Putnam,1,0,Inf,213,0,0,0.6515625,0.7949999999999999,1,1,0,96,9702,0.009894867,0.044210526
8,Putnam,0,0,NA,209,0,0,0.668125,0.7949999999999999,1,1,0,80,10235,0.007816317,0.041860465
9,Putnam,0,1,0,216,1,0.004629629629629629,0.65546875,0.7949999999999999,1,1,0,124,10103,0.012273582,0.038674033
10,Putnam,0,3,0,224,3,0.013392857142857142,0.6890625,0.7949999999999999,1,1,0,NA,NA,NA,NA
5,Queens,NA,NA,NA,NA,NA,NA,0.7418367374235182,0.7761016949152543,1,1,1,9820,142614,0.068857195,0.100573324
6,Queens,NA,NA,NA,NA,NA,NA,0.733064375885846,0.7761016949152543,1,1,1,3361,218692,0.015368646,0.107814529
7,Queens,5,34,0.14705882352941177,NA,34,NA,0.7290249149899628,0.7761016949152543,1,1,1,2586,218522,0.011834049,0.105451125
8,Queens,1,26,0.038461538461538464,9310,26,0.0027926960257787323,0.7299627939735056,0.7761016949152543,1,1,1,2247,258451,0.008694104,0.102748691
9,Queens,1,20,0.05,9359,20,0.0021369804466289132,0.7387252273408602,0.7761016949152543,1,1,1,2404,250986,0.009578223,0.099777142
10,Queens,2,22,0.09090909090909091,9387,22,0.0023436667731969747,0.739121045344287,0.7761016949152543,1,1,1,NA,NA,NA,NA
5,Rensselaer,NA,NA,NA,1080,NA,NA,0.857939648250882,0.8788888888888889,1,1,0,194,6993,0.027742028,0.050813008
6,Rensselaer,3,3,1,1106,3,0.0027124773960217,0.8590133070631825,0.8788888888888889,1,1,0,63,10422,0.006044905,0.057657658
7,Rensselaer,2,82,0.024390243902439025,1088,82,0.07536764705882353,0.8476349419258287,0.8788888888888889,1,1,0,179,12205,0.01466612,0.047683924
8,Rensselaer,1,25,0.04,1087,25,0.022999080036798528,0.8299355056801982,0.8788888888888889,1,1,0,107,13518,0.007915372,0.048751486
9,Rensselaer,2,0,Inf,1084,0,0,0.8397318773514666,0.8788888888888889,1,1,0,82,16371,0.005008857,0.045503792
10,Rensselaer,0,17,0,1093,17,0.01555352241537054,0.8207439287212721,0.8788888888888889,1,1,0,NA,NA,NA,NA
5,Richmond,239,320,0.746875,2384,320,0.1342281879194631,0.7609261371730397,0.857,1,1,1,1600,27296,0.058616647,0.073132895
6,Richmond,4,71,0.056338028169014086,2410,71,0.02946058091286307,0.7632198589305688,0.857,1,1,1,572,45801,0.01248881,0.074349706
7,Richmond,1,8,0.125,2415,8,0.0033126293995859213,0.7640723495833694,0.857,1,1,1,672,51639,0.01301342,0.072796157
8,Richmond,0,7,0,2411,7,0.002903359601824969,0.7627153208872032,0.857,1,1,1,527,63117,0.008349573,0.070747322
9,Richmond,0,4,0,2395,4,0.0016701461377870565,0.7603277834058577,0.857,1,1,1,717,64653,0.011089973,0.067769111
10,Richmond,0,4,0,2418,4,0.0016542597187758478,0.7688565360211771,0.857,1,1,1,NA,NA,NA,NA
5,Rockland,NA,NA,NA,NA,NA,NA,0.617029438473404,0.6981818181818182,1,1,1,1373,21852,0.062831777,0.037466818
6,Rockland,NA,NA,NA,1020,NA,NA,0.5933853918613771,0.6981818181818182,1,1,1,417,24975,0.016696697,0.037200412
7,Rockland,1,4,0.25,1021,4,0.0039177277179236044,0.5860902675998679,0.6981818181818182,1,1,1,278,25812,0.010770184,0.036527378
8,Rockland,1,3,0.3333333333333333,1034,3,0.0029013539651837525,0.6001192767883253,0.6981818181818182,1,0,1,391,29851,0.013098389,0.035596665
9,Rockland,1,7,0.14285714285714285,1070,7,0.0065420560747663555,0.6549704234429594,0.6981818181818182,1,1,1,1365,37485,0.036414566,0.032553083
10,Rockland,1,7,0.14285714285714285,1081,7,0.0064754856614246065,0.6786066483803552,0.6981818181818182,1,1,1,NA,NA,NA,NA
5,Saratoga,0,1,0,536,1,0.0018656716417910447,0.7508102562935658,0.91,1,1,0,125,8460,0.014775414,0.028985507
6,Saratoga,0,0,NA,551,0,0,0.760636533779325,0.91,1,1,0,67,14900,0.004496644,0.027272727
7,Saratoga,0,0,NA,533,0,0,0.7609178385327782,0.91,1,1,0,176,17765,0.009907121,0.020661157
8,Saratoga,0,0,NA,534,0,0,0.7609605888911644,0.91,1,1,0,120,24880,0.004823151,0.017730496
9,Saratoga,0,0,NA,530,0,0,0.7547253415098489,0.91,1,1,0,227,31601,0.007183317,0.013979497
10,Saratoga,0,0,NA,531,0,0,0.7469750020858458,0.91,1,1,0,NA,NA,NA,NA
5,Schenectady,0,1,0,959,1,0.0010427528675703858,0.9240316677158047,0.8883333333333333,1,1,1,179,8683,0.020614995,0.04040404
6,Schenectady,2,4,0.5,955,4,0.004188481675392671,0.9207598456437127,0.8883333333333333,1,1,1,112,14634,0.00765341,0.043478261
7,Schenectady,0,2,0,944,2,0.00211864406779661,0.9210869652351104,0.8883333333333333,1,1,1,227,14460,0.015698479,0.037790698
8,Schenectady,1,4,0.25,941,4,0.004250797024442083,0.8964723829176677,0.8883333333333333,1,1,1,239,17151,0.013935048,0.033831629
9,Schenectady,0,4,0,940,4,0.00425531914893617,0.8837061924821129,0.8883333333333333,1,1,1,146,25388,0.005750748,0.03246295
10,Schenectady,0,1,0,950,1,0.0010526315789473684,0.9145962674696267,0.8883333333333333,1,1,1,NA,NA,NA,NA
5,Schuyler,0,0,NA,112,0,0,0.9416666666666667,0.89,1,0,0,4,1125,0.003555556,0
6,Schuyler,0,0,NA,114,0,0,0.94375,0.89,1,0,0,2,1522,0.00131406,0
7,Schuyler,0,0,NA,110,0,0,0.9375,0.89,1,0,0,9,1859,0.004841313,0
8,Schuyler,0,0,NA,114,0,0,0.9383333333333334,0.89,1,0,0,4,1874,0.002134472,0
9,Schuyler,0,0,NA,116,0,0,0.9520833333333334,0.89,1,0,0,21,2498,0.008406725,0
10,Schuyler,0,8,0,110,8,0.07272727272727272,0.95,0.89,1,1,0,NA,NA,NA,NA
5,Seneca,0,0,NA,60,0,0,0.5333333333333333,0.95,1,1,0,18,1755,0.01025641,0.016949153
6,Seneca,0,0,NA,66,0,0,0.5229166666666667,0.95,1,1,0,11,3145,0.003497615,0.014285714
7,Seneca,0,0,NA,69,0,0,0.56875,0.95,1,1,0,15,3064,0.004895561,0.011764706
8,Seneca,0,0,NA,70,0,0,0.5916666666666667,0.95,1,1,0,15,2952,0.005081301,0.01
9,Seneca,0,0,NA,73,0,0,0.60625,0.95,1,1,0,8,3339,0.002395927,0.009259259
10,Seneca,0,0,NA,72,0,0,0.5979166666666667,0.95,1,1,0,NA,NA,NA,NA
5,St. Lawrence,0,1,0,534,1,0.0018726591760299626,0.834465737514518,NA,1,1,0,29,7646,0.003792833,0.009756098
6,St. Lawrence,0,0,NA,545,0,0,0.8385140824622532,NA,1,1,0,14,8403,0.001666072,0.01369863
7,St. Lawrence,0,0,NA,545,0,0,0.8409584301200155,NA,1,1,0,42,9996,0.004201681,0.01532567
8,St. Lawrence,0,0,NA,540,0,0,0.8461230158730159,NA,1,0,0,14,15255,9.17732e-4,0.014545455
9,St. Lawrence,0,0,NA,540,0,0,0.848859489934185,NA,1,0,0,55,18360,0.002995643,0.012121212
10,St. Lawrence,0,0,NA,550,0,0,0.8476849835462641,NA,1,0,0,NA,NA,NA,NA
5,Steuben,13,27,0.48148148148148145,556,27,0.048561151079136694,0.7946141395154553,0.9183333333333333,1,1,0,25,3623,0.006900359,0.112033195
6,Steuben,0,2,0,561,2,0.0035650623885918,0.8135821324143693,0.9183333333333333,1,1,0,27,6943,0.003888809,0.108208955
7,Steuben,0,0,NA,577,0,0,0.8246984649122807,0.9183333333333333,1,1,0,22,7369,0.00298548,0.1
8,Steuben,0,0,NA,572,0,0,0.8335307017543859,0.9183333333333333,1,1,0,25,8284,0.003017866,0.123809524
9,Steuben,0,38,0,568,38,0.06690140845070422,0.7992703111946533,0.9183333333333333,1,1,0,149,8845,0.016845676,0.092672414
10,Steuben,29,56,0.5178571428571429,541,56,0.10351201478743069,0.8012100563909774,0.9183333333333333,1,1,0,NA,NA,NA,NA
5,Suffolk,534,1325,0.4030188679245283,6153,1325,0.21534210954006175,0.7252580377437198,0.8495238095238096,1,1,1,5668,92760,0.061103924,0.047324015
6,Suffolk,51,161,0.3167701863354037,NA,161,NA,0.8064304046806584,0.8495238095238096,1,1,1,1722,140429,0.012262424,0.047819055
7,Suffolk,9,37,0.24324324324324326,NA,37,NA,0.7417345102629186,0.8495238095238096,1,1,1,1873,153584,0.012195281,0.046120092
8,Suffolk,4,16,0.25,NA,16,NA,0.7618385413160543,0.8495238095238096,1,1,1,1585,181553,0.008730233,0.044602874
9,Suffolk,0,9,0,6444,9,0.0013966480446927375,0.77614879482954,0.8495238095238096,1,1,1,1678,170901,0.00981855,0.043274703
10,Suffolk,3,13,0.23076923076923078,6508,13,0.001997541487400123,0.7853412165934124,0.8495238095238096,1,1,1,NA,NA,NA,NA
5,Sullivan,NA,NA,NA,NA,NA,NA,0.7671530255937992,0.8674999999999999,1,1,0,509,4396,0.115787079,0.022318215
6,Sullivan,NA,NA,NA,341,NA,NA,0.7823963249683435,0.8674999999999999,1,1,0,63,5416,0.011632201,0.024104683
7,Sullivan,0,0,NA,329,0,0,0.7886643655749971,0.8674999999999999,1,1,0,31,5016,0.006180223,0.024949427
8,Sullivan,0,0,NA,344,0,0,0.7898495776735351,0.8674999999999999,1,0,0,47,4887,0.009617352,0.024183007
9,Sullivan,0,0,NA,326,0,0,0.7974172749151031,0.8674999999999999,1,0,0,77,6412,0.012008734,0.023024269
10,Sullivan,0,0,NA,341,0,0,0.7628574396368136,0.8674999999999999,1,0,0,NA,NA,NA,NA
5,Tioga,NA,NA,NA,204,NA,NA,0.8100865800865801,0.8500000000000001,1,1,0,40,2314,0.017286085,0.130769231
6,Tioga,1,4,0.25,201,4,0.01990049751243781,0.7799350649350649,0.8500000000000001,1,1,0,13,3839,0.003386299,0.132867133
7,Tioga,0,0,NA,221,0,0,0.805551948051948,0.8500000000000001,1,0,0,45,3867,0.011636928,0.111702128
8,Tioga,0,1,0,236,1,0.00423728813559322,0.8467532467532467,0.8500000000000001,1,0,0,21,4194,0.005007153,0.100478469
9,Tioga,0,0,NA,232,0,0,0.8470698051948051,0.8500000000000001,1,0,0,47,5443,0.008634944,0.08203125
10,Tioga,2,35,0.05714285714285714,223,35,0.15695067264573992,0.8408198051948051,0.8500000000000001,1,1,0,NA,NA,NA,NA
5,Tompkins,0,0,NA,357,0,0,0.8168055555555556,0.65,1,1,0,36,6974,0.00516203,0
6,Tompkins,0,0,NA,366,0,0,0.8201388888888889,0.65,1,1,0,13,8637,0.001505152,0
7,Tompkins,0,1,0,362,1,0.0027624309392265192,0.8165277777777777,0.65,1,1,0,53,12427,0.004264907,0
8,Tompkins,0,0,NA,366,0,0,0.8308888888888889,0.65,1,1,0,40,26517,0.001508466,0
9,Tompkins,0,0,NA,372,0,0,0.8467361111111111,0.65,1,1,0,156,121605,0.001282842,0
10,Tompkins,0,3,0,359,3,0.008356545961002786,0.8278472222222222,0.65,1,1,0,NA,NA,NA,NA
5,Ulster,40,118,0.3389830508474576,1028,118,0.11478599221789883,0.8270073718048858,0.8514285714285714,1,1,1,393,11512,0.03413829,0.044352454
6,Ulster,1,0,Inf,1038,0,0,0.8945663097928535,0.8514285714285714,1,1,1,91,17778,0.005118686,0.045454545
7,Ulster,0,0,NA,1032,0,0,0.8174620976552756,0.8514285714285714,1,1,1,244,18961,0.01286852,0.039980257
8,Ulster,1,5,0.2,1056,5,0.004734848484848485,0.8401939174736746,0.8514285714285714,1,1,1,150,19070,0.007865758,0.037683824
9,Ulster,0,7,0,1045,7,0.0066985645933014355,0.8326363792582718,0.8514285714285714,1,1,1,106,18962,0.005590128,0.036809816
10,Ulster,0,3,0,1030,3,0.002912621359223301,0.8211875384038576,0.8514285714285714,1,1,1,NA,NA,NA,NA
5,Warren,19,51,0.37254901960784315,305,51,0.16721311475409836,0.7845010553470919,0.9375,1,1,0,73,3646,0.020021942,0.109803922
6,Warren,2,4,0.5,333,4,0.012012012012012012,1.0268279653950385,0.9375,1,1,0,8,4967,0.00161063,0.114068441
7,Warren,2,0,Inf,335,0,0,0.8344210900041693,0.9375,1,1,0,37,5998,0.006168723,0.1
8,Warren,0,0,NA,335,0,0,0.846604909318324,0.9375,1,1,0,22,6168,0.003566796,0.093167702
9,Warren,0,0,NA,337,0,0,0.845422431988743,0.9375,1,1,0,69,7180,0.009610028,0.076726343
10,Warren,0,1,0,342,1,0.0029239766081871343,0.8569214808734625,0.9375,1,1,0,NA,NA,NA,NA
5,Washington,6,0,Inf,497,0,0,0.9500574074637307,0.87,1,1,0,65,2974,0.021856086,0.059574468
6,Washington,0,0,NA,493,0,0,1.0654556764956356,0.87,1,1,0,11,5331,0.002063403,0.056910569
7,Washington,0,0,NA,502,0,0,0.9424404635177469,0.87,1,1,0,9,5602,0.001606569,0.054901961
8,Washington,0,0,NA,504,0,0,0.94268530064783,0.87,1,1,0,13,5293,0.002456074,0.052238806
9,Washington,0,0,NA,488,0,0,0.9321239906171113,0.87,1,1,0,34,6504,0.005227552,0.046357616
10,Washington,0,0,NA,504,0,0,0.9417048115818607,0.87,1,1,0,NA,NA,NA,NA
5,Wayne,NA,NA,NA,509,NA,NA,0.9354278673835126,0.675,1,1,0,45,4443,0.010128292,0.017241379
6,Wayne,0,1,0,495,1,0.00202020202020202,0.8966684867831541,0.675,1,1,0,58,9382,0.006182051,0.011494253
7,Wayne,0,4,0,494,4,0.008097165991902834,0.8898430499551971,0.675,1,1,0,71,10230,0.006940371,0.008163265
8,Wayne,0,0,NA,485,0,0,0.8599187948028674,0.675,1,1,0,35,10077,0.003473256,0.010714286
9,Wayne,0,0,NA,489,0,0,0.8641794074820789,0.675,1,1,0,46,10853,0.004238459,0.009202454
10,Wayne,0,11,0,497,11,0.022132796780684104,0.8732981910842293,0.675,1,1,0,NA,NA,NA,NA
5,Westchester,NA,NA,NA,NA,NA,NA,0.7214484637328823,0.7672727272727272,1,1,1,4320,67466,0.064032253,0.040504292
6,Westchester,NA,NA,NA,4808,NA,NA,0.7371557976470191,0.7672727272727272,1,1,1,1314,108784,0.012078982,0.040870762
7,Westchester,9,30,0.3,4814,30,0.0062318238471125885,0.7423541857444402,0.7672727272727272,1,1,1,1108,123525,0.008969844,0.040167899
8,Westchester,2,12,0.16666666666666666,4944,12,0.0024271844660194173,0.7572446539088803,0.7672727272727272,1,1,1,1047,140735,0.007439514,0.039220983
9,Westchester,1,14,0.07142857142857142,4964,14,0.0028203062046736503,0.7767408687971937,0.7672727272727272,1,1,1,1279,135707,0.009424716,0.038015666
10,Westchester,9,38,0.23684210526315788,4989,38,0.0076167568651032275,0.7869867475512827,0.7672727272727272,1,1,1,NA,NA,NA,NA
5,Wyoming,0,3,0,207,3,0.014492753623188406,0.9407608695652174,0.885,1,1,0,18,1830,0.009836066,0.046511628
6,Wyoming,0,0,NA,207,0,0,0.949411231884058,0.885,1,0,0,9,3309,0.002719855,0.042105263
7,Wyoming,0,0,NA,208,0,0,0.9439764492753623,0.885,1,1,0,17,3735,0.004551539,0.035714286
8,Wyoming,0,0,NA,210,0,0,0.9546557971014493,0.885,1,0,0,14,4044,0.003461919,0.031746032
9,Wyoming,0,0,NA,207,0,0,0.9462862318840579,0.885,1,1,0,11,6903,0.00159351,0.02919708
10,Wyoming,0,0,NA,204,0,0,0.9294157608695652,0.885,1,0,0,NA,NA,NA,NA
5,Yates,8,15,0.5333333333333333,152,15,0.09868421052631579,0.8528985507246377,0.985,1,1,0,21,1151,0.018245004,0.153846154
6,Yates,0,0,NA,159,0,0,0.8586956521739131,0.985,1,0,0,7,2163,0.003236246,0.130434783
7,Yates,0,0,NA,159,0,0,0.8555434782608696,0.985,1,0,0,9,2028,0.00443787,0.109090909
8,Yates,0,0,NA,162,0,0,0.8751304347826088,0.985,1,0,0,7,2119,0.003303445,0.096774194
9,Yates,0,0,NA,158,0,0,0.8728985507246377,0.985,1,0,0,2,2245,8.90869e-4,0.09375
10,Yates,1,0,Inf,156,0,0,0.8651449275362318,0.985,1,0,0,NA,NA,NA,NA
